<?xml version="1.0" encoding="UTF-8" ?>
<!DOCTYPE configuration PUBLIC "-//mybatis.org//DTD Config 3.0//EN" 
	"http://mybatis.org/dtd/mybatis-3-config.dtd">
<configuration>
	<typeAliases>
		<!-- MyBatis Query를 위한 Xml에서 resultType, parametertype 으로 사용할 VO 클래스에 대한 별칭 설정 Java AIP에 대한 별칭 설정 정보 : org.apache.ibits.type.TypeAliasRegistry -->
		<typeAlias type="com.ssafy.pms.Phone" alias="phone" />
		<typeAlias type="com.ssafy.pms.Company" alias="company"/>
		<typeAlias type="com.ssafy.pms.Userinfo" alias="userinfo"/>
	</typeAliases>
	
	<mappers>
		<mapper resource="spring/phone_query.xml" />
	</mappers>
</configuration>


















