{
    "response": {
        "header": {
            "resultcode": 0,
            "resultmsg": "NORMAL SERVICE."
        },
        "body": {
            "items": {
                "item": [
                    {
                        "desc_kor": "신라면큰사발",
                        "serving_wt": 80,
                        "nutr_cont1": 347.37,
                        "nutr_cont2": 54.74,
                        "nutr_cont3": 5.61,
                        "nutr_cont4": 11.93,
                        "nutr_cont5": 2.81,
                        "nutr_cont6": 1087.72,
                        "nutr_cont7": 0,
                        "nutr_cont8": 5.61,
                        "nutr_cont9": 0,
                        "bgn_year": 2014,
                        "animal_plant": "농심"
                    },
                    {
                        "desc_kor": "진라면컵매운맛",
                        "serving_wt": 80,
                        "nutr_cont1": 275.2,
                        "nutr_cont2": 42.24,
                        "nutr_cont3": 5.76,
                        "nutr_cont4": 8.96,
                        "nutr_cont5": 3.2,
                        "nutr_cont6": 1139.2,
                        "nutr_cont7": 0,
                        "nutr_cont8": 3.2,
                        "nutr_cont9": 0,
                        "bgn_year": 2017,
                        "animal_plant": "오뚜기"
                    },
                    {
                        "desc_kor": "큰컵삼양라면",
                        "serving_wt": 80,
                        "nutr_cont1": 272.7,
                        "nutr_cont2": 42.88,
                        "nutr_cont3": 4.99,
                        "nutr_cont4": 8.9,
                        "nutr_cont5": 2.24,
                        "nutr_cont6": 940.54,
                        "nutr_cont7": 0,
                        "nutr_cont8": 4.48,
                        "nutr_cont9": 0,
                        "bgn_year": 2017,
                        "animal_plant": "삼양식품"
                    },
                    {
                        "desc_kor": "새우탕큰사발",
                        "serving_wt": 80,
                        "nutr_cont1": 372,
                        "nutr_cont2": 48.16,
                        "nutr_cont3": 7.68,
                        "nutr_cont4": 15.76,
                        "nutr_cont5": "N/A",
                        "nutr_cont6": 1876,
                        "nutr_cont7": "N/A",
                        "nutr_cont8": "N/A",
                        "nutr_cont9": "N/A",
                        "bgn_year": 2006,
                        "animal_plant": "농심"
                    },
                    {
                        "desc_kor": "육개장큰사발면",
                        "serving_wt": 80,
                        "nutr_cont1": 273.45,
                        "nutr_cont2": 42.47,
                        "nutr_cont3": 5.24,
                        "nutr_cont4": 9.31,
                        "nutr_cont5": 1.75,
                        "nutr_cont6": 936.73,
                        "nutr_cont7": 0,
                        "nutr_cont8": 4.65,
                        "nutr_cont9": 0,
                        "bgn_year": 2017,
                        "animal_plant": "농심"
                    },
                    {
                        "desc_kor": "메로나",
                        "serving_wt": 100,
                        "nutr_cont1": 156.25,
                        "nutr_cont2": 25,
                        "nutr_cont3": 1.25,
                        "nutr_cont4": 6.25,
                        "nutr_cont5": 20,
                        "nutr_cont6": 68.75,
                        "nutr_cont7": 18.75,
                        "nutr_cont8": 4.75,
                        "nutr_cont9": 0.63,
                        "bgn_year": 2017,
                        "animal_plant": "빙그레"
                    },
                    {
                        "desc_kor": "누크바",
                        "serving_wt": 100,
                        "nutr_cont1": 274,
                        "nutr_cont2": 25,
                        "nutr_cont3": 3,
                        "nutr_cont4": 18.3,
                        "nutr_cont5": 17.33,
                        "nutr_cont6": 65,
                        "nutr_cont7": "N/A",
                        "nutr_cont8": "N/A",
                        "nutr_cont9": "N/A",
                        "bgn_year": 2017,
                        "animal_plant": "롯데제과"
                    },
                    {
                        "desc_kor": "비비빅",
                        "serving_wt": 100,
                        "nutr_cont1": 186.67,
                        "nutr_cont2": 40,
                        "nutr_cont3": 3.33,
                        "nutr_cont4": 1.6,
                        "nutr_cont5": 21.25,
                        "nutr_cont6": 106.67,
                        "nutr_cont7": 6.67,
                        "nutr_cont8": 1.07,
                        "nutr_cont9": 0,
                        "bgn_year": 2017,
                        "animal_plant": "빙그레"
                    },
                    {
                        "desc_kor": "수박바",
                        "serving_wt": 100,
                        "nutr_cont1": 110.93,
                        "nutr_cont2": 24.67,
                        "nutr_cont3": 0.33,
                        "nutr_cont4": 2.24,
                        "nutr_cont5": 18.67,
                        "nutr_cont6": 25.83,
                        "nutr_cont7": 0.09,
                        "nutr_cont8": 1.11,
                        "nutr_cont9": 0.17,
                        "bgn_year": 2017,
                        "animal_plant": "롯데제과"
                    },
                    {
                        "desc_kor": "죠스바",
                        "serving_wt": 100,
                        "nutr_cont1": 113.33,
                        "nutr_cont2": 28.4,
                        "nutr_cont3": 0.04,
                        "nutr_cont4": 0.09,
                        "nutr_cont5": 20,
                        "nutr_cont6": 0.68,
                        "nutr_cont7": 0,
                        "nutr_cont8": 0,
                        "nutr_cont9": 0.17,
                        "bgn_year": 2017,
                        "animal_plant": "롯데제과"
                    },
                    {
                        "desc_kor": "서울우유바나나",
                        "serving_wt": 200,
                        "nutr_cont1": 340,
                        "nutr_cont2": 44,
                        "nutr_cont3": 10,
                        "nutr_cont4": 14,
                        "nutr_cont5": 40.44,
                        "nutr_cont6": 170,
                        "nutr_cont7": 40,
                        "nutr_cont8": 8,
                        "nutr_cont9": 0,
                        "bgn_year": 2017,
                        "animal_plant": "서울우유"
                    },
                    {
                        "desc_kor": "맛있는우유GT",
                        "serving_wt": 200,
                        "nutr_cont1": 280,
                        "nutr_cont2": 20,
                        "nutr_cont3": 12,
                        "nutr_cont4": 16,
                        "nutr_cont5": 18,
                        "nutr_cont6": 200,
                        "nutr_cont7": 60,
                        "nutr_cont8": 9.6,
                        "nutr_cont9": 0,
                        "bgn_year": 2017,
                        "animal_plant": "남양유업"
                    },
                    {
                        "desc_kor": "칠성사이다",
                        "serving_wt": 200,
                        "nutr_cont1": 168.42,
                        "nutr_cont2": 42.11,
                        "nutr_cont3": 0,
                        "nutr_cont4": 0,
                        "nutr_cont5": 33.6,
                        "nutr_cont6": 10.53,
                        "nutr_cont7": 0,
                        "nutr_cont8": 0,
                        "nutr_cont9": 0,
                        "bgn_year": 2017,
                        "animal_plant": "롯데칠성음료"
                    },
                    {
                        "desc_kor": "비타500칼슘",
                        "serving_wt": 200,
                        "nutr_cont1": 172.9,
                        "nutr_cont2": 43,
                        "nutr_cont3": 0.09,
                        "nutr_cont4": 0.06,
                        "nutr_cont5": 44,
                        "nutr_cont6": 143.84,
                        "nutr_cont7": 0,
                        "nutr_cont8": 0,
                        "nutr_cont9": 0,
                        "bgn_year": 2017,
                        "animal_plant": "광동제약"
                    },
                    {
                        "desc_kor": "비타파워",
                        "serving_wt": 200,
                        "nutr_cont1": 100,
                        "nutr_cont2": 24,
                        "nutr_cont3": 0,
                        "nutr_cont4": 0,
                        "nutr_cont5": 12.55,
                        "nutr_cont6": 60,
                        "nutr_cont7": 0,
                        "nutr_cont8": 0,
                        "nutr_cont9": 0,
                        "bgn_year": 2017,
                        "animal_plant": "롯데제과"
                    },
                    {
                        "desc_kor": "칸타타아메리카노",
                        "serving_wt": 200,
                        "nutr_cont1": 80,
                        "nutr_cont2": 18.29,
                        "nutr_cont3": 0,
                        "nutr_cont4": 0,
                        "nutr_cont5": 13.72,
                        "nutr_cont6": 125.71,
                        "nutr_cont7": 0,
                        "nutr_cont8": 0,
                        "nutr_cont9": 0,
                        "bgn_year": 2017,
                        "animal_plant": "롯데제과"
                    },
                    {
                        "desc_kor": "칸타타프리미엄라떼",
                        "serving_wt": 200,
                        "nutr_cont1": 182.86,
                        "nutr_cont2": 36.57,
                        "nutr_cont3": 4.57,
                        "nutr_cont4": 2.06,
                        "nutr_cont5": 36.56,
                        "nutr_cont6": 228.57,
                        "nutr_cont7": 11.43,
                        "nutr_cont8": 1.37,
                        "nutr_cont9": 0,
                        "bgn_year": 2017,
                        "animal_plant": "롯데제과"
                    },
                    {
                        "desc_kor": "맥심티오피스위트아메리카노",
                        "serving_wt": 200,
                        "nutr_cont1": 70.4,
                        "nutr_cont2": 17.6,
                        "nutr_cont3": 0,
                        "nutr_cont4": 0,
                        "nutr_cont5": 16,
                        "nutr_cont6": 52,
                        "nutr_cont7": 0,
                        "nutr_cont8": 0,
                        "nutr_cont9": 0,
                        "bgn_year": 2017,
                        "animal_plant": "동서식품"
                    },
                    {
                        "desc_kor": "맥심티오피마스터라떼",
                        "serving_wt": 200,
                        "nutr_cont1": 156.4,
                        "nutr_cont2": 26,
                        "nutr_cont3": 3.2,
                        "nutr_cont4": 4.4,
                        "nutr_cont5": 26.2,
                        "nutr_cont6": 72.73,
                        "nutr_cont7": 16,
                        "nutr_cont8": 3.2,
                        "nutr_cont9": 0,
                        "bgn_year": 2017,
                        "animal_plant": "동서식품"
                    },
                    {
                        "desc_kor": "아카페라아메리카노",
                        "serving_wt": 200,
                        "nutr_cont1": 58.33,
                        "nutr_cont2": 13.33,
                        "nutr_cont3": 0.83,
                        "nutr_cont4": 0,
                        "nutr_cont5": 11.68,
                        "nutr_cont6": 91.67,
                        "nutr_cont7": 0,
                        "nutr_cont8": 0,
                        "nutr_cont9": 0,
                        "bgn_year": 2017,
                        "animal_plant": "빙그레"
                    }
                ]
            }
        }
    }
}