<?xml version="1.0" encoding="UTF-8" ?>
<!DOCTYPE mapper
  PUBLIC "-//mybatis.org//DTD Mapper 3.0//EN"
  "http://mybatis.org/dtd/mybatis-3-mapper.dtd">
<mapper namespace="com.ssafy.model.ProductMapper">
   <insert id="insert" parameterType="product">
       insert into product values(#{id},#{name},#{price},#{description})
   </insert>
   
   <select id="selectAll" resultType="product">
      select * from product
   </select>
<!--    <select id="select" parameterType="user" resultType="user"> -->
<!--        select * from user -->
<!--        where userid = #{userid} -->
<!--        <if test = "pass !=null"> -->
<!--            and pass=#{pass} -->
<!--        </if> -->
<!--    </select> -->
   
<!--    <select id="list" resultType="user"> -->
<!--       select * from user -->
<!--    </select> -->
   
<!--    <update id="update" parameterType="user"> -->
<!--       update user set name=#{name}, pass=#{pass}, balance=#{balance} where userid=#{userid} -->
<!--    </update> -->
   
<!--    <delete id="delete" parameterType="user"> -->
<!--       delete from user where userid=#{userid} -->
<!--    </delete> -->
	
<!-- 	<delete id="multiDel" parameterType="list"> -->
<!--         delete from user where userid in -->
<!--         <foreach item="item" index="index" collection="list" -->
<!--              open="(" separator="," close=")"> -->
<!--                #{item} -->
<!--         </foreach> -->
<!--     </delete> -->
</mapper>