<?xml version="1.0" encoding="UTF-8"?>
<!DOCTYPE mapper PUBLIC "-//mybatis.org//DTD Mapper 3.0//EN" "http://mybatis.org/dtd/mybatis-3-mapper.dtd">

<mapper namespace="com.ssafy.link.mapper.RoomMapper">

	<select id="get_room" resultType="room">
		select * from room;
	</select>
	<!-- 그룹바이로 묶기 -->
	<select id="get_room_include_watching_num" parameterType="int"
		resultType="room">
		SELECT r.room_id,r.singer_num, r.user1, r.user2,
		r.music1,
		r.music2, COUNT(*) as num
		FROM room r JOIN watching w ON
		r.room_id=w.room_id
		WHERE w.room_id=#{room_id}
		GROUP BY room_id
	</select>
	<update id="update_room" parameterType="room">
		<if test="user1==null">
			update room set singer_num=#{singer_num},user2=#{user2}
			where
			room_id=#{room_id}
		</if>
		<if test="user2==null">
			update room set singer_num=#{singer_num},user1=#{user1}
			where
			room_id=#{room_id}
		</if>
	</update>

	<update id="out_room" parameterType="room">
		<if test="user1==1">
			update room set
			singer_num=#{singer_num},user1=null,music1=null where
			room_id=#{room_id}
		</if>
		<if test="user2==1">
			update room set
			singer_num=#{singer_num},user2=null,music2=null where
			room_id=#{room_id}
		</if>
	</update>

	<select id="select_watching" resultType="watching">
		select * from watching
	</select>

	<insert id="insert_watching" parameterType="watching">
		insert into watching
		values(#{userid},#{room_id},0)
	</insert>

	<!-- 시청자 입장시 방에 시청 인원수 추가 -->
	<update id="plus_watching_num" parameterType="int">
		update room set watching_num=watching_num+1 where room_id=#{room_id}
	</update>

	<delete id="delete_watching" parameterType="string">
		delete from watching
		where userid=#{userid}
	</delete>

	<!-- 시청자 퇴장시 방에 시청 인원수 감소 -->
	<update id="minus_watching_num" parameterType="int">
		update room set watching_num=watching_num-1 where room_id=#{room_id}
	</update>
	
	
	<!-- 모든 player퇴장시 방을 폐쇠하고 시청자수를 0으로 만듦 -->
	<update id="set_0_watching_num" parameterType="int">
		update room set watching_num=0 where room_id=#{room_id}
	</update>
	
	<delete id="delete_watching_in_room" parameterType="int">
		delete from watching where room_id=#{room_id}
	</delete>
	<!-- 위에 update ,delete가 같은 역할 -->
	
	
	<update id="update_watching" parameterType="watching">
		update watching set
		vote=#{vote} where userid=#{userid}
	</update>
</mapper>