<?xml version="1.0" encoding="UTF-8"?>
<!DOCTYPE mapper PUBLIC "-//mybatis.org//DTD Mapper 3.0//EN" "http://mybatis.org/dtd/mybatis-3-mapper.dtd">

<mapper namespace="com.ssafy.link.mapper.WaitingMapper">

<insert id="insert_waiting" parameterType="string">
   insert into waiting values (#{userid})
</insert>

<select id="get_waiting_num" resultType="int">
	select count(*) from waiting
</select>
<select id="get_waiting_ids" resultType="waiting">
	select * from waiting
</select>

<select id="get_room_need" resultType="need" parameterType="need">
	SELECT userid, grade, win, lose FROM user WHERE userid=#{userid};

</select>
	
	<delete id="delete_waiting" parameterType="string">
		delete from waiting where userid=#{userid}
	</delete>
</mapper>